utc_timestamp,actual,lstm_daily
2019-08-14 00:00:00+00:00,53.902125,56.526703
2019-08-15 00:00:00+00:00,54.2555,54.62533
2019-08-16 00:00:00+00:00,52.547125,54.302128
2019-08-17 00:00:00+00:00,45.83433333333333,46.476192
2019-08-18 00:00:00+00:00,42.68470833333333,42.41428
2019-08-19 00:00:00+00:00,54.875708333333336,53.670837
2019-08-20 00:00:00+00:00,55.230375,56.186188
2019-08-21 00:00:00+00:00,54.592375,56.604614
2019-08-22 00:00:00+00:00,54.848875,54.95826
2019-08-23 00:00:00+00:00,54.15054166666666,54.669853
2019-08-24 00:00:00+00:00,46.00691666666666,46.681908
2019-08-25 00:00:00+00:00,43.162125,42.243538
2019-08-26 00:00:00+00:00,56.785291666666666,54.59088
2019-08-27 00:00:00+00:00,58.62804166666666,57.458393
2019-08-28 00:00:00+00:00,58.63208333333334,58.430466
2019-08-29 00:00:00+00:00,57.846125,58.064796
2019-08-30 00:00:00+00:00,56.22170833333334,56.8165
2019-08-31 00:00:00+00:00,47.33229166666666,47.652065
2019-09-01 00:00:00+00:00,43.19825,43.59032
2019-09-02 00:00:00+00:00,54.26391666666667,55.835766
2019-09-03 00:00:00+00:00,55.633916666666664,56.24944
2019-09-04 00:00:00+00:00,56.032333333333334,56.535343
2019-09-05 00:00:00+00:00,56.909375,56.0778
2019-09-06 00:00:00+00:00,55.03241666666666,56.306473
2019-09-07 00:00:00+00:00,46.06704166666666,46.936012
2019-09-08 00:00:00+00:00,43.163125,42.72484
2019-09-09 00:00:00+00:00,55.351333333333336,55.360428
2019-09-10 00:00:00+00:00,56.18729166666667,56.83933
2019-09-11 00:00:00+00:00,57.03808333333333,56.90162
2019-09-12 00:00:00+00:00,57.813375,56.866283
2019-09-13 00:00:00+00:00,56.94233333333334,56.60325
2019-09-14 00:00:00+00:00,46.613125,47.98444
2019-09-15 00:00:00+00:00,43.493875,43.38375
2019-09-16 00:00:00+00:00,55.878708333333336,56.242344
2019-09-17 00:00:00+00:00,57.167291666666664,57.11601
2019-09-18 00:00:00+00:00,56.38466666666666,57.69965
2019-09-19 00:00:00+00:00,56.644416666666665,56.412605
2019-09-20 00:00:00+00:00,55.403166666666664,55.88192
2019-09-21 00:00:00+00:00,47.26295833333334,47.10556
2019-09-22 00:00:00+00:00,43.816625,43.577454
2019-09-23 00:00:00+00:00,57.425333333333334,56.039368
2019-09-24 00:00:00+00:00,58.251,57.744144
2019-09-25 00:00:00+00:00,58.29725,58.466286
2019-09-26 00:00:00+00:00,58.64116666666666,57.927223
2019-09-27 00:00:00+00:00,57.714416666666665,57.4145
2019-09-28 00:00:00+00:00,48.160333333333334,48.84803
2019-09-29 00:00:00+00:00,45.316833333333335,44.546684
2019-09-30 00:00:00+00:00,57.989333333333335,58.23196
2019-10-01 00:00:00+00:00,59.55237499999999,58.559032
2019-10-02 00:00:00+00:00,57.93475,59.370247
2019-10-03 00:00:00+00:00,46.05408333333334,57.66904
2019-10-04 00:00:00+00:00,51.59825,49.92447
2019-10-05 00:00:00+00:00,47.02775,45.743385
2019-10-06 00:00:00+00:00,46.157875,43.12185
2019-10-07 00:00:00+00:00,57.719875,55.92748
2019-10-08 00:00:00+00:00,59.59283333333333,58.211666
2019-10-09 00:00:00+00:00,59.45254166666666,59.308243
2019-10-10 00:00:00+00:00,59.74675,58.944626
2019-10-11 00:00:00+00:00,59.14108333333334,57.909496
2019-10-12 00:00:00+00:00,49.09875,50.075226
2019-10-13 00:00:00+00:00,45.860125,45.61467
2019-10-14 00:00:00+00:00,57.743875,58.54184
2019-10-15 00:00:00+00:00,60.05275,59.195606
2019-10-16 00:00:00+00:00,60.800625,59.575768
2019-10-17 00:00:00+00:00,60.13620833333334,60.134773
2019-10-18 00:00:00+00:00,59.215041666666664,58.600555
2019-10-19 00:00:00+00:00,49.50779166666666,50.224022
2019-10-20 00:00:00+00:00,45.47325,46.300774
2019-10-21 00:00:00+00:00,58.757,58.839165
2019-10-22 00:00:00+00:00,59.924166666666665,59.88414
2019-10-23 00:00:00+00:00,60.705125,59.613205
2019-10-24 00:00:00+00:00,60.44716666666666,60.194355
2019-10-25 00:00:00+00:00,58.93958333333333,59.088085
2019-10-26 00:00:00+00:00,50.33629166666667,50.17557
2019-10-27 00:00:00+00:00,46.28154166666666,47.429955
2019-10-28 00:00:00+00:00,59.57458333333334,58.51119
2019-10-29 00:00:00+00:00,60.97583333333333,60.687008
2019-10-30 00:00:00+00:00,60.911208333333335,60.641506
2019-10-31 00:00:00+00:00,56.9575,60.53167
2019-11-01 00:00:00+00:00,51.479708333333335,56.52427
2019-11-02 00:00:00+00:00,49.431,46.316807
2019-11-03 00:00:00+00:00,45.877583333333334,45.611702
2019-11-04 00:00:00+00:00,58.89191666666667,56.281193
2019-11-05 00:00:00+00:00,60.80416666666667,59.276363
2019-11-06 00:00:00+00:00,61.91004166666667,60.474655
2019-11-07 00:00:00+00:00,62.53633333333334,61.23677
2019-11-08 00:00:00+00:00,61.390249999999995,60.675278
2019-11-09 00:00:00+00:00,52.30804166666666,52.125725
2019-11-10 00:00:00+00:00,49.274791666666665,48.713665
2019-11-11 00:00:00+00:00,62.457083333333344,63.07367
2019-11-12 00:00:00+00:00,63.297375,62.910744
2019-11-13 00:00:00+00:00,62.72008333333334,62.912296
2019-11-14 00:00:00+00:00,62.38641666666666,62.4676
2019-11-15 00:00:00+00:00,61.291333333333334,61.292934
2019-11-16 00:00:00+00:00,52.49216666666666,52.56452
2019-11-17 00:00:00+00:00,49.14120833333334,49.076084
2019-11-18 00:00:00+00:00,61.68133333333333,62.560917
2019-11-19 00:00:00+00:00,63.871208333333335,62.37829
2019-11-20 00:00:00+00:00,63.25479166666667,63.40111
2019-11-21 00:00:00+00:00,63.60525,63.03539
2019-11-22 00:00:00+00:00,62.83625000000001,62.36995
2019-11-23 00:00:00+00:00,53.462875,53.95929
2019-11-24 00:00:00+00:00,49.439875,50.290394
2019-11-25 00:00:00+00:00,62.02504166666667,63.07505
2019-11-26 00:00:00+00:00,63.43716666666666,62.88553
2019-11-27 00:00:00+00:00,64.57795833333334,63.317543
2019-11-28 00:00:00+00:00,63.97875,64.37739
2019-11-29 00:00:00+00:00,61.99470833333333,62.770226
2019-11-30 00:00:00+00:00,52.17420833333333,53.50876
2019-12-01 00:00:00+00:00,50.712,49.015236
2019-12-02 00:00:00+00:00,60.85666666666666,63.417503
2019-12-03 00:00:00+00:00,64.334,61.84532
2019-12-04 00:00:00+00:00,64.57191666666667,64.08345
2019-12-05 00:00:00+00:00,66.16975,64.36521
2019-12-06 00:00:00+00:00,65.3285,64.76925
2019-12-07 00:00:00+00:00,54.618916666666664,56.210552
2019-12-08 00:00:00+00:00,51.535333333333334,51.2593
2019-12-09 00:00:00+00:00,63.42508333333333,65.84903
2019-12-10 00:00:00+00:00,64.79441666666666,64.34272
2019-12-11 00:00:00+00:00,65.95141666666667,64.813515
2019-12-12 00:00:00+00:00,65.69679166666667,65.93485
2019-12-13 00:00:00+00:00,63.614,64.67501
2019-12-14 00:00:00+00:00,54.623041666666666,55.21353
2019-12-15 00:00:00+00:00,50.590583333333335,51.007404
2019-12-16 00:00:00+00:00,61.330083333333334,63.9788
2019-12-17 00:00:00+00:00,61.56812500000001,62.469467
2019-12-18 00:00:00+00:00,60.788625,62.255123
2019-12-19 00:00:00+00:00,59.94729166666667,61.205257
2019-12-20 00:00:00+00:00,56.427625,59.26481
2019-12-21 00:00:00+00:00,50.26733333333333,49.553146
2019-12-22 00:00:00+00:00,47.52829166666666,46.722393
2019-12-23 00:00:00+00:00,50.61933333333334,56.958775
2019-12-24 00:00:00+00:00,46.35366666666666,54.794586
2019-12-25 00:00:00+00:00,43.426833333333335,51.983276
2019-12-26 00:00:00+00:00,43.4455,47.986664
2019-12-27 00:00:00+00:00,48.841625,46.930912
2019-12-28 00:00:00+00:00,47.555458333333334,47.40316
2019-12-29 00:00:00+00:00,45.29475,44.875546
2019-12-30 00:00:00+00:00,50.001875,53.614487
2019-12-31 00:00:00+00:00,46.87220833333333,53.979218
2020-01-01 00:00:00+00:00,43.99720833333333,52.15049
2020-01-02 00:00:00+00:00,54.07745833333333,48.824528
2020-01-03 00:00:00+00:00,55.618458333333336,53.737995
2020-01-04 00:00:00+00:00,52.56129166666666,52.666924
2020-01-05 00:00:00+00:00,48.003416666666666,46.642593
2020-01-06 00:00:00+00:00,56.85933333333334,56.08267
2020-01-07 00:00:00+00:00,62.68075,59.66977
2020-01-08 00:00:00+00:00,63.69670833333334,62.01413
2020-01-09 00:00:00+00:00,63.11179166666666,63.02135
2020-01-10 00:00:00+00:00,61.94166666666666,62.653316
2020-01-11 00:00:00+00:00,53.76204166666666,54.993298
2020-01-12 00:00:00+00:00,51.490875,47.88682
2020-01-13 00:00:00+00:00,63.02645833333333,58.914944
2020-01-14 00:00:00+00:00,65.43470833333333,64.023094
2020-01-15 00:00:00+00:00,64.11370833333334,64.31211
2020-01-16 00:00:00+00:00,62.74224999999999,64.258644
2020-01-17 00:00:00+00:00,62.908624999999994,60.54566
2020-01-18 00:00:00+00:00,54.04170833333333,55.179016
2020-01-19 00:00:00+00:00,50.26441666666666,50.551426
2020-01-20 00:00:00+00:00,62.55479166666667,57.468758
2020-01-21 00:00:00+00:00,64.85408333333334,62.552624
2020-01-22 00:00:00+00:00,64.86125,64.68949
2020-01-23 00:00:00+00:00,64.53604166666666,65.10462
2020-01-24 00:00:00+00:00,63.653125,60.56421
2020-01-25 00:00:00+00:00,55.18533333333333,55.322987
2020-01-26 00:00:00+00:00,50.6115,51.817154
2020-01-27 00:00:00+00:00,63.641,64.5003
2020-01-28 00:00:00+00:00,65.51645833333333,64.60524
2020-01-29 00:00:00+00:00,65.81429166666668,65.10487
2020-01-30 00:00:00+00:00,65.41554166666667,65.827095
2020-01-31 00:00:00+00:00,62.933708333333335,64.21685
2020-02-01 00:00:00+00:00,52.92008333333334,54.632935
2020-02-02 00:00:00+00:00,49.633291666666665,49.74893
2020-02-03 00:00:00+00:00,63.01545833333333,62.451473
2020-02-04 00:00:00+00:00,65.12704166666667,63.23319
2020-02-05 00:00:00+00:00,63.806333333333335,64.81286
2020-02-06 00:00:00+00:00,63.968208333333344,63.78741
2020-02-07 00:00:00+00:00,62.95225000000001,62.69474
2020-02-08 00:00:00+00:00,53.45283333333334,54.285797
2020-02-09 00:00:00+00:00,49.49675,50.320393
2020-02-10 00:00:00+00:00,62.79525,61.773552
2020-02-11 00:00:00+00:00,65.60070833333333,63.40317
2020-02-12 00:00:00+00:00,65.71279166666667,65.18985
2020-02-13 00:00:00+00:00,65.80941666666668,65.4973
2020-02-14 00:00:00+00:00,63.384666666666654,64.46332
2020-02-15 00:00:00+00:00,53.097625,54.757015
2020-02-16 00:00:00+00:00,49.51541666666667,49.959026
2020-02-17 00:00:00+00:00,62.13291666666667,62.616558
2020-02-18 00:00:00+00:00,64.20745833333334,62.84917
2020-02-19 00:00:00+00:00,63.452333333333335,64.10712
2020-02-20 00:00:00+00:00,63.123208333333345,63.452347
2020-02-21 00:00:00+00:00,62.32425,61.93281
2020-02-22 00:00:00+00:00,53.603,53.69572
2020-02-23 00:00:00+00:00,49.668125,50.045376
2020-02-24 00:00:00+00:00,60.095499999999994,62.28008
2020-02-25 00:00:00+00:00,61.56095833333333,61.38886
2020-02-26 00:00:00+00:00,63.17066666666667,62.05991
2020-02-27 00:00:00+00:00,64.39829166666667,63.160213
2020-02-28 00:00:00+00:00,62.286458333333336,63.190495
2020-02-29 00:00:00+00:00,52.434625,53.60643
2020-03-01 00:00:00+00:00,48.347458333333336,48.98338
2020-03-02 00:00:00+00:00,61.35691666666666,61.183887
2020-03-03 00:00:00+00:00,61.961875000000006,61.956676
2020-03-04 00:00:00+00:00,61.86675,62.19402
2020-03-05 00:00:00+00:00,62.5745,61.888817
2020-03-06 00:00:00+00:00,61.96179166666666,61.353115
2020-03-07 00:00:00+00:00,52.45008333333334,53.122013
2020-03-08 00:00:00+00:00,48.647375,48.805458
2020-03-09 00:00:00+00:00,60.481791666666666,61.563244
2020-03-10 00:00:00+00:00,64.33095833333334,61.287548
2020-03-11 00:00:00+00:00,61.966166666666666,63.945927
2020-03-12 00:00:00+00:00,62.402166666666666,61.91014
2020-03-13 00:00:00+00:00,61.392541666666666,61.273632
2020-03-14 00:00:00+00:00,51.49154166666666,52.720097
2020-03-15 00:00:00+00:00,47.6745,48.04363
2020-03-16 00:00:00+00:00,57.96720833333334,60.503624
2020-03-17 00:00:00+00:00,59.227583333333335,59.64654
2020-03-18 00:00:00+00:00,58.63249999999999,59.938683
2020-03-19 00:00:00+00:00,57.385375,58.948776
2020-03-20 00:00:00+00:00,56.547,56.8064
2020-03-21 00:00:00+00:00,50.609833333333334,48.74541
2020-03-22 00:00:00+00:00,47.23970833333333,46.50847
2020-03-23 00:00:00+00:00,56.15829166666666,58.414036
2020-03-24 00:00:00+00:00,56.68675,57.857986
2020-03-25 00:00:00+00:00,56.34525,58.05823
2020-03-26 00:00:00+00:00,55.91529166666666,56.917416
2020-03-27 00:00:00+00:00,54.138041666666666,55.66149
2020-03-28 00:00:00+00:00,47.547333333333334,47.423855
2020-03-29 00:00:00+00:00,47.51291666666666,44.029827
2020-03-30 00:00:00+00:00,55.98645833333334,57.107655
2020-03-31 00:00:00+00:00,55.86675,58.071716
2020-04-01 00:00:00+00:00,56.154583333333335,57.065567
2020-04-02 00:00:00+00:00,56.20941666666666,56.54048
2020-04-03 00:00:00+00:00,54.96879166666666,55.60996
2020-04-04 00:00:00+00:00,46.57675,47.038555
2020-04-05 00:00:00+00:00,44.154125,43.21862
2020-04-06 00:00:00+00:00,52.12683333333334,54.56899
2020-04-07 00:00:00+00:00,52.675375,55.968067
2020-04-08 00:00:00+00:00,51.69470833333334,55.009037
2020-04-09 00:00:00+00:00,50.350833333333334,53.02127
2020-04-10 00:00:00+00:00,41.90145833333334,51.46944
2020-04-11 00:00:00+00:00,42.38879166666666,42.906044
2020-04-12 00:00:00+00:00,39.338208333333334,40.624947
2020-04-13 00:00:00+00:00,41.39366666666666,48.271233
2020-04-14 00:00:00+00:00,50.16433333333334,49.2134
2020-04-15 00:00:00+00:00,51.401583333333335,52.691597
2020-04-16 00:00:00+00:00,51.71541666666666,52.05602
2020-04-17 00:00:00+00:00,51.067708333333336,51.48942
2020-04-18 00:00:00+00:00,44.162333333333336,45.74618
2020-04-19 00:00:00+00:00,42.00483333333334,41.45261
2020-04-20 00:00:00+00:00,52.17425,52.162716
2020-04-21 00:00:00+00:00,53.88279166666666,55.037483
2020-04-22 00:00:00+00:00,53.35104166666667,55.3544
2020-04-23 00:00:00+00:00,53.0975,53.630283
2020-04-24 00:00:00+00:00,51.28579166666666,53.49437
2020-04-25 00:00:00+00:00,45.01208333333334,46.085125
2020-04-26 00:00:00+00:00,42.40345833333333,41.523525
2020-04-27 00:00:00+00:00,51.972125,51.119625
2020-04-28 00:00:00+00:00,53.14895833333333,55.07645
2020-04-29 00:00:00+00:00,53.61754166666667,54.9274
2020-04-30 00:00:00+00:00,52.04629166666666,53.86637
2020-05-01 00:00:00+00:00,41.735708333333335,53.32933
2020-05-02 00:00:00+00:00,43.51691666666667,42.582985
2020-05-03 00:00:00+00:00,41.09579166666666,40.537582
2020-05-04 00:00:00+00:00,52.550916666666666,49.23673
2020-05-05 00:00:00+00:00,53.94479166666667,54.500954
2020-05-06 00:00:00+00:00,52.78391666666666,54.72154
2020-05-07 00:00:00+00:00,52.334916666666665,53.178688
2020-05-08 00:00:00+00:00,50.140541666666664,51.758663
2020-05-09 00:00:00+00:00,44.11866666666666,44.525448
2020-05-10 00:00:00+00:00,41.26170833333334,41.137165
2020-05-11 00:00:00+00:00,54.8545,50.61735
2020-05-12 00:00:00+00:00,54.00091666666666,56.20845
2020-05-13 00:00:00+00:00,54.375416666666666,54.87321
2020-05-14 00:00:00+00:00,53.50845833333334,54.517853
2020-05-15 00:00:00+00:00,52.499291666666664,52.23398
2020-05-16 00:00:00+00:00,45.22420833333334,45.136433
2020-05-17 00:00:00+00:00,42.026041666666664,41.604618
2020-05-18 00:00:00+00:00,52.371583333333334,52.826538
2020-05-19 00:00:00+00:00,53.24766666666667,54.92812
2020-05-20 00:00:00+00:00,51.53808333333333,54.79233
2020-05-21 00:00:00+00:00,41.68020833333333,52.36808
2020-05-22 00:00:00+00:00,46.40954166666666,47.570877
2020-05-23 00:00:00+00:00,44.485125,43.219635
2020-05-24 00:00:00+00:00,42.34529166666666,41.10911
2020-05-25 00:00:00+00:00,53.35175,51.13072
2020-05-26 00:00:00+00:00,53.069,55.241425
2020-05-27 00:00:00+00:00,53.006,54.48034
2020-05-28 00:00:00+00:00,53.28304166666666,53.33486
2020-05-29 00:00:00+00:00,51.029,52.662106
2020-05-30 00:00:00+00:00,43.468,44.933495
2020-05-31 00:00:00+00:00,39.48645833333334,40.84328
2020-06-01 00:00:00+00:00,40.230333333333334,50.024403
2020-06-02 00:00:00+00:00,52.192375,48.55285
2020-06-03 00:00:00+00:00,53.659416666666665,53.792397
2020-06-04 00:00:00+00:00,54.44291666666666,53.512882
2020-06-05 00:00:00+00:00,53.38891666666667,54.2655
2020-06-06 00:00:00+00:00,45.541916666666665,46.974487
2020-06-07 00:00:00+00:00,41.977833333333336,41.843616
2020-06-08 00:00:00+00:00,52.035833333333336,51.50643
2020-06-09 00:00:00+00:00,53.368541666666665,55.423046
2020-06-10 00:00:00+00:00,52.80804166666666,55.085094
2020-06-11 00:00:00+00:00,45.43991666666666,53.242355
2020-06-12 00:00:00+00:00,47.924125,49.39403
2020-06-13 00:00:00+00:00,44.011875,44.892033
2020-06-14 00:00:00+00:00,41.949875,40.821377
2020-06-15 00:00:00+00:00,52.00575,50.12961
2020-06-16 00:00:00+00:00,53.429458333333336,54.74582
2020-06-17 00:00:00+00:00,53.678333333333335,54.7451
2020-06-18 00:00:00+00:00,53.53725,53.838963
2020-06-19 00:00:00+00:00,51.67608333333334,53.572906
2020-06-20 00:00:00+00:00,43.67191666666666,46.24494
2020-06-21 00:00:00+00:00,40.69883333333333,40.83929
2020-06-22 00:00:00+00:00,52.505625,48.99819
2020-06-23 00:00:00+00:00,53.52220833333334,55.249657
2020-06-24 00:00:00+00:00,53.91020833333334,55.075977
2020-06-25 00:00:00+00:00,54.01170833333334,54.08031
2020-06-26 00:00:00+00:00,52.09558333333334,54.265366
2020-06-27 00:00:00+00:00,45.07666666666666,46.416214
2020-06-28 00:00:00+00:00,42.243541666666665,41.485847
2020-06-29 00:00:00+00:00,53.41575,51.56024
2020-06-30 00:00:00+00:00,54.909958333333336,55.846573
2020-07-01 00:00:00+00:00,55.505,55.963097
2020-07-02 00:00:00+00:00,54.709125,55.386982
2020-07-03 00:00:00+00:00,52.68354166666666,54.541077
2020-07-04 00:00:00+00:00,45.592,45.606617
2020-07-05 00:00:00+00:00,43.39675,41.689365
2020-07-06 00:00:00+00:00,55.133625,54.04457
2020-07-07 00:00:00+00:00,54.685291666666664,56.56275
2020-07-08 00:00:00+00:00,55.104875,55.693684
2020-07-09 00:00:00+00:00,55.3945,55.18597
2020-07-10 00:00:00+00:00,53.426208333333335,54.822895
2020-07-11 00:00:00+00:00,44.167208333333335,45.83501
2020-07-12 00:00:00+00:00,40.85633333333334,40.953716
2020-07-13 00:00:00+00:00,52.374125,52.420807
2020-07-14 00:00:00+00:00,54.32845833333334,54.7059
2020-07-15 00:00:00+00:00,55.505541666666666,55.67577
2020-07-16 00:00:00+00:00,55.20829166666667,55.45737
2020-07-17 00:00:00+00:00,52.81041666666666,54.889244
2020-07-18 00:00:00+00:00,44.54020833333333,45.777275
2020-07-19 00:00:00+00:00,41.50625,41.422447
2020-07-20 00:00:00+00:00,52.79208333333334,53.155575
2020-07-21 00:00:00+00:00,53.276583333333335,54.99094
2020-07-22 00:00:00+00:00,54.19566666666667,55.16735
2020-07-23 00:00:00+00:00,54.12329166666667,54.47599
2020-07-24 00:00:00+00:00,52.26320833333334,54.011875
2020-07-25 00:00:00+00:00,44.737,45.649883
2020-07-26 00:00:00+00:00,41.94233333333334,41.6213
2020-07-27 00:00:00+00:00,52.63529166666667,53.24993
2020-07-28 00:00:00+00:00,54.219,54.982468
2020-07-29 00:00:00+00:00,53.052791666666664,55.81384
2020-07-30 00:00:00+00:00,52.52008333333334,53.618114
2020-07-31 00:00:00+00:00,52.23954166666667,53.035164
2020-08-01 00:00:00+00:00,44.5025,45.8356
2020-08-02 00:00:00+00:00,41.176541666666665,41.48966
2020-08-03 00:00:00+00:00,50.44566666666667,52.406857
2020-08-04 00:00:00+00:00,51.178625,53.85086
2020-08-05 00:00:00+00:00,51.746625,54.079723
2020-08-06 00:00:00+00:00,52.382875,52.757137
2020-08-07 00:00:00+00:00,52.04775,52.812645
2020-08-08 00:00:00+00:00,45.48575,46.580936
2020-08-09 00:00:00+00:00,42.869166666666665,42.07061
2020-08-10 00:00:00+00:00,54.6035,52.238514
2020-08-11 00:00:00+00:00,56.6365,56.812366
2020-08-12 00:00:00+00:00,55.990875,57.33723
2020-08-13 00:00:00+00:00,55.857458333333334,55.8649
2020-08-14 00:00:00+00:00,53.67970833333334,55.641304
2020-08-15 00:00:00+00:00,44.944041666666664,46.6876
2020-08-16 00:00:00+00:00,42.82508333333334,41.367317
2020-08-17 00:00:00+00:00,54.020375,53.424675
2020-08-18 00:00:00+00:00,54.758583333333334,55.832214
2020-08-19 00:00:00+00:00,54.63254166666666,55.8684
2020-08-20 00:00:00+00:00,55.55325,54.80732
2020-08-21 00:00:00+00:00,55.057208333333335,55.403126
2020-08-22 00:00:00+00:00,46.34879166666666,46.78649
2020-08-23 00:00:00+00:00,42.733666666666664,42.37986
2020-08-24 00:00:00+00:00,53.55316666666666,54.441525
2020-08-25 00:00:00+00:00,54.91683333333334,55.650246
2020-08-26 00:00:00+00:00,57.705875,56.083546
2020-08-27 00:00:00+00:00,55.307291666666664,57.211117
2020-08-28 00:00:00+00:00,53.24854166666666,55.45896
2020-08-29 00:00:00+00:00,44.931625,46.16901
2020-08-30 00:00:00+00:00,41.910291666666666,41.55659
2020-08-31 00:00:00+00:00,53.905791666666666,53.45261
2020-09-01 00:00:00+00:00,55.16583333333334,55.665215
2020-09-02 00:00:00+00:00,54.910875,56.20031
2020-09-03 00:00:00+00:00,55.672583333333336,55.08757
2020-09-04 00:00:00+00:00,53.314375,55.079727
2020-09-05 00:00:00+00:00,45.69525,46.00761
2020-09-06 00:00:00+00:00,42.6595,42.19534
2020-09-07 00:00:00+00:00,53.26566666666666,54.27316
2020-09-08 00:00:00+00:00,55.5385,55.37864
2020-09-09 00:00:00+00:00,55.60166666666667,56.691765
2020-09-10 00:00:00+00:00,54.816375,55.665817
2020-09-11 00:00:00+00:00,52.94,54.684666
2020-09-12 00:00:00+00:00,45.99879166666666,45.99841
2020-09-13 00:00:00+00:00,42.39241666666666,42.24523
2020-09-14 00:00:00+00:00,53.828291666666665,53.922985
2020-09-15 00:00:00+00:00,55.284666666666666,55.635307
2020-09-16 00:00:00+00:00,56.118375,56.493202
2020-09-17 00:00:00+00:00,55.93516666666667,56.048347
2020-09-18 00:00:00+00:00,54.495333333333335,55.417835
2020-09-19 00:00:00+00:00,46.55141666666666,46.630432
2020-09-20 00:00:00+00:00,43.056041666666665,42.670296
2020-09-21 00:00:00+00:00,54.679541666666665,54.987175
2020-09-22 00:00:00+00:00,55.706375,56.235275
2020-09-23 00:00:00+00:00,56.557833333333335,56.829506
2020-09-24 00:00:00+00:00,57.341,56.436096
2020-09-25 00:00:00+00:00,55.78370833333334,56.445793
2020-09-26 00:00:00+00:00,48.55370833333333,47.30515
2020-09-27 00:00:00+00:00,45.261375,44.340843
2020-09-28 00:00:00+00:00,56.614,57.67183
2020-09-29 00:00:00+00:00,57.844166666666666,57.804134
2020-09-30 00:00:00+00:00,57.77279166666666,58.100685
